{"cameraMode":{"drawMode":0,"name":"Shaded","section":"Shading Mode"},"sceneLighting":false,"audioPlay":false,"sceneViewState":{"showFog":true,"showMaterialUpdate":true,"showSkybox":false,"showFlares":true,"showImageEffects":true,"showParticleSystems":true},"in2DMode":false,"pivot":{"x":-6.769999980926514,"y":6.199999809265137,"z":-3.255000114440918},"rotation":{"x":-0.13081616163253785,"y":0.8573662638664246,"z":-0.2669154107570648,"w":-0.4201982915401459},"size":2.8419840335845949,"orthographic":false}